TID,Items
1,[O, G, N]
2,[G, F, Y, P, B, Z, E, V, N, A, U, Q, R, L, J, O, K, I, T, S, AA, C]
3,[K, P, C, E, O, V, J, T, L, F, R, I, Z, A, W, AA, D, G]
4,[Q, N, Y, H]
5,[I, B, Z, K, AA, X, F, P, A, J]
6,[L, F, C, D, K, J, W, B, O, N, P, V, U, A, Z, G, X, T]
7,[K, AA, V, G, Y, I, D, Q, S, F, W, P, N, R, U, X, O, C, A, Z, J, H, L]
8,[D, I, L, V, U, N, M, Y, G, B]
9,[M, G, I, K, F, H, Q, U, A]
10,[H, S, U, B, V, AA, Z, D, W]
11,[W, U, Y, K, A, AA, M, R, I, G, H, N, L, J, C, Z, P, B, Q, E, D, V, F, X, T]
12,[W, AA, P, X, G, Q, Y, E, J, S, U, I, C, L, K, V, N]
13,[C, Z, H, P]
14,[T]
15,[C, L]
16,[D, U, H, F, S, K, I, Z, X, M, P, R, J, A, L, N, G]
17,[T, J, H, I, V, S, E, L, D, M, B, Y, A, N, P, G, X, AA, K, R, W, C, Z, F, O, U]
18,[H, N, O]
19,[D, R, W, X, H, G, N, J, K, A]
20,[S, W, K, O, Y, T, Q, P, AA, B, V]
21,[P, C, G, I, Y, F, A]
22,[U, N, S, Y, P, K, B, C, O, W, M, D]
23,[O, I, G, Y, C, D, Q, X, W, F, B, A, N, U, P, M, J, H, K, T]
24,[J, X, K, U, E, S, L, D, W, G, T, V, N, P]
25,[V, F, O, R, H]
26,[V, L, T, Y, R, Q, Z, D, AA, U, N, X, I, K, G, B, M, C, A, H, P, W]
27,[W, AA, F, O, B]
28,[L, U, O, E, J, X, A, M, P, R, N, Z, K, Q, H, T, AA, W, V, I, Y, F]
29,[A, S, I, B, P, D, T, G, J, Z, R, K, H, F, N, L]
30,[E, I, A, W, X, D, L, H, P, R, J, F, Y, C, N, M, U, V, T, Z, K, Q, S, G]
31,[L, Y, E, Q, N, Z, U, H, J, G, S, C, W, I, V, T, P, K, O, B, R, A]
32,[W, X, O, R, H, Z, J, L, V, N, K, S, B, A, T, Q, E, M, C, D, Y, F, AA, U, P, G]
33,[B, X, I, W, R, S, A, H, G, F, V, C, K, J, L, Q, AA, T, Z]
34,[D, M]
35,[G, M, C, O, V, K, Z, F, E, T, P, Q, I, A, B]
36,[L, M, T, Z, H, R]
37,[K, E, S, AA, F, O, B, U, G, T, L, Q, W, J, M, C, Y, H, N, V, I]
38,[Q, Y, G, M, AA, J, A, H, T, X, S, V, K, B, P, R, I, L, C, D, W, O]
39,[C, T, K, O, A, M, V, N, F, Y, G, J]
40,[A, D]
41,[P, Q, N, H, M, G, X, I, D, Y, B, F, O, U, A, R, W, L, AA, V, J, S, E, Z, K, C, T]
42,[Y, V, Z, T, B, C, I, D, K, N, M, H, S, G, L, X, O, E, AA, W, P, F, A, U, R]
43,[X, E, B, I, C, O, V, T, H, Z, W, S, P, R]
44,[D, P, W, I, M]
45,[O, J, Q, AA, D, F, S]
46,[Z, M, O, T, W, X, J, H, U, Y, R, N, B, D, I, Q]
47,[C, D, AA, O, Y, K, U, S, H, Z, V]
48,[Y, O, V, C, Z, A, T, L, K, X, D, F, P, I, M, H, N, B, E, R, J, G, Q, U, S]
49,[F, W, Y, D, M, V, L, P, X, T, AA, U, S, K, I, A, Z, N, Q, J, E]
50,[F, E, U, P, B, R, S]
51,[Z, Y, J, E, AA, W, C, S, I, M]
52,[X, T, Z, J, G]
53,[F, B, W, P, K, U, T, AA, C, Q, M, S, X, H, O, L, V, R, Y, Z]
54,[G, N, X, M, R, T, E, Y, K, C, AA, Q]
55,[K, J, L, D, G, O, X, T]
56,[P, Z, H, C, O, AA, Y, G, E, X, T, W, U, S, B, M, K]
57,[H, X, N, D, W, T, M, U, J, R, G, I, K, Z, Y, P, F, E, L, AA, V, Q, B, S, A]
58,[K, H, AA, F, L, W, G, T, U, Q, P, C, S, A, J, D, X, E, Y, B, O, I, V, M, Z, R]
59,[O, L, X, T, V, D, Y, S, N, A, Q, F, K, R]
60,[M, U, F, Y, W, L, AA, P]
61,[B, Z, A, V, G, O, L, F, AA, W, Y, X, I, D, P, M, E, U, R]
62,[O, R, C, AA, P, G, I, E, V, J, Q, H, Z, X, D, L, S, B, U, K, T, F, A, W, M, Y, N]
63,[M, L, E, P, T, K, Y, V, AA, W, F, Q, I, B, X, O, N, S, J, R, C, H]
64,[N, D, K, Z, C, M, W, G, B, I, V, Y, L, O, Q, H, T, U, P, F, R]
65,[V, Y, L, B]
66,[X, Z, J, N, AA, F, W, L, E, V, I, A, B, P, R, M, C, G, U, T, Q]
67,[R, B, AA, Z, L, T, U, N, E, D, W, C, P, G, V, M, S, J, O, I, A]
68,[I, W, Z, C, V, U, Q, P, M, S, N, D, O, R, Y, AA, X, K, L, J, A]
69,[J, G, W, B, K, I, N, Q, E, V, X, Z, M, P, D, U, F]
70,[A, D, P, W, V, X, E, O, Q, Z, N, Y, H, C]
71,[N, B, J, E, AA, A, D, G, I, V]
72,[G, Y, J, M, R, O, B, Z, X, K, L, C, N, A, H, T, V, I, Q, F, U, W, S, E, D, P, AA]
73,[K, A, J, X, N, M, Z, I, S, AA, B, V, W, P, Y, E, G, F, U, R, L, D, Q, T, C, O, H]
74,[N, Q, B, L, V, M, T, I, A, W, X, C, D, Z, AA, K, S, R, U, G, P, J, H, Y]
75,[G, D, X, P, M, W, AA, J, L, S, F, V, K, H, Z, E, Q, T, U, C]
76,[U, P, E, H, S, K, Z, L, F, R, X, I, AA, D, M, O, Q, W, J, C, V, T, Y, N, G]
77,[M, B, Y, A, O]
78,[Z, T, I, C, A, V, J, X, K, H]
79,[L, W, J, AA, Z, S, A, B, X, C, V, U, I]
80,[AA, U, Q, R, B, W, F, X, C, K, A, P, N, S, D, Z, L, G, I]
81,[AA, U, C, M, O, Y, Z, H, L, E, F, R, I, T, G, A, B, S, N]
82,[R, Y, E, O, J, W, N, AA, G, H, C, K, V, Z, P, L, Q, F, M, D, X, S, B, T, U, I]
83,[K, X, D, F, V, L, G, S, Z, H, P, Q, M, AA, C, E, J, U, T, N, O, I, A, Y, W, B, R]
84,[R, Q, K, L, W, Z, G, A, T, S, I, X, E, B, F, O, N, V]
85,[M, B, U, L, AA, J, V, O, K, T, E, S, C, Z, G, A]
86,[B, P, G, C, Q, W, F, L, K, X]
87,[B, R, D, P, J, Q, L, A, F, AA, K, H, E, Y, Z, S, C, X, M, I, V, W, G, T, O, U, N]
88,[T, Y, H, W, Z, M, K, AA, R, P, L, G, E, N]
89,[D, K, Q, M, T, C, H, G, W, P, A, Z, V, AA, S, Y, J, E, R, L, U, X, N]
90,[H, F, C]
91,[O, S, F, U]
92,[Q, D, V, K, AA, L, T, J, C, S, I, W, Z, N]
93,[I, Z, F, S, Y, T, O, U, AA, K, A]
94,[F, O, R, C, H, W, P, D, V, E, U, N, K, S]
95,[V, J, H, G, T, Y]
96,[U, R, H, W, I, A, K, Z]
97,[A, W, U, AA, M, R, S, E, H, P, J, D, X, N, O, Y, C]
98,[I, U, K, AA, L, T, Q, S, Z, G, V, Y, O, H, W, R, N]
99,[S, H, J, P, B, R, G, F, T, A, I, U, V, AA, Z, W, N, E, K]
100,[A, AA, M, K, I, Y, C, R, W]
101,[O, E]
102,[AA, H, S, C, Q, A, Z, N, L, D, R, M, V, K, J, X, I]
103,[P, Z, F, S, I, E, L, D, H, M, G, C, V, W, N, R, X, K, B, Y, U, A, Q]
104,[N, H, U, A, R, P, Z, J, M, X, W, O, D, K, C, S, F, I, AA, E, V, T, G, Y, B, Q]
105,[Z, L, H, E, M, U, S, J, B]
106,[V, AA, A, O, M, Y, F, N, G, X, B, D, C]
107,[L, Z, Y, H, D, M, A, G, N, C, E]
108,[H, AA, X, Y, G, E, J, Q, N, B, K, C, T, P, W, A, V, U, Z, R, M, L, S, F, O, I, D]
109,[Q, U, V, D, Y, F, P, G, A, O, I, R, L, T, J, H, K, X, E, AA, N, S]
110,[B, M, K]
111,[B, R, M, H, E, C, Z, P, I]
112,[X, D, L, R, C, M, Y, T, F]
113,[F, S, D, R, I, W, H, AA, A, E, U, B, T, X, O, L, G, Q, P]
114,[O, D, B, S, Q, V, C, Z, R, U, A, J, G, Y, N]
115,[AA]
116,[I, J]
117,[AA, E, P, Y, U, G, Q, N, F, R, K, I, O, D, L, Z, A, B, V, X, S, J, M, W, C, T, H]
118,[X, D, E, P, AA, V, U, S, I, L, C, H, F, A, W]
119,[D, I, R, AA, F, T, Y]
120,[D, AA, W, E, M, C, I, A, G, L, V, H]
121,[B]
122,[J, K, M, A, V, D, L, R, E, U, S, N, F, Y, T, X, P, I, H, O, Q, B, C, W]
123,[Z, L, N, W, B, Y, Q, M, O, G, I, V, F, K, A, T, J, D, AA, H, E, X, U, R, S, P]
124,[B, H, K, X, U, AA, E, T, M, D]
125,[Y, X, A, O, U, D, J, M, E, I, T, C, P, AA, L, B, R, W, V]
126,[E, P, C, H, S, A]
127,[K, I, Z, M, D, C, B, P, R, J, F, T, L, A, X, Q, V, Y, W, E, G, H, O, N, AA]
128,[W, S, Z, F, A, P, Y, C, G, X, AA, J, O, N, R, H, V, B, I, Q, E, L, U]
129,[W, T, I, Y, B, N, H, Z, Q]
130,[N, R]
131,[B, H, W]
132,[G, B, V, J, E]
133,[R, M, P, U]
134,[C, I, L, H, Q, M, P, O]
135,[T, Z, G, H, M, K, J, X, S, D, P, L, U, C, W]
136,[A, AA, E, X, U, J, L]
137,[Q, D, G, H, J, V, C, B, T, AA, U]
138,[H, V, O, D, T, A, J, R, M, Q]
139,[P, V, W, T, F, Z, Y, H, AA, S]
140,[H, R, I, T, Y, E, O, A, D, J, S]
141,[K, V, B, X, Y, A, F, H, W]
142,[Q, G, O, R, T]
143,[F, AA, G, I, H, Q, X, Y, T, N, K, S, J, Z, L, P, C, A, R]
144,[O, E]
145,[T, S, X, R, I, W, B, AA, H, G, Z, K, A, V]
146,[O]
147,[I, O, X, F, W, U, B, T, L, R, J, H, E, D, S, V, M, N]
148,[O, J, N, B, Y, W, Q, F, U, A, L, E, X, V, K, I, M, G, D, Z]
149,[C, E, M, R, X, T, AA, L, H, I, W]
150,[J, N, Z, AA, S, P, L, M, C, W, V, U, I, A, K, O, R, G, D, X, T, H, F, Q, B]
151,[O, E, T, U, C, A, H, L, M, X, J, V, AA, I, K, D, Y, N, G]
152,[U, C, Y, P, J, I, B, A, X, Z, N, K, M, W, AA, V, E, S, T, O, R, D, Q, F, L, G, H]
153,[Q, E, B, M, V, G, K, Y, D, X, P, C, T]
154,[G, T, P, L]
155,[L, V, P, Z, S]
156,[AA, E, L, G, Z, U, K, R, H, A, C, Y, D, B, W, F, P, O, T]
157,[M, T, I, A, U, J, Y, N, X, K]
158,[H, R]
159,[V, Q, Y, D, O, N, K, M, AA, W, H, E, C, B, G, L, T, I, P, S, J, R, A, Z, U, F, X]
160,[U, T, H, N, AA, G, A, I, Y]
161,[P, Z, F, D, J, C, S, X, O, H, V, K, N, R, U, AA, I, T, W, M, L, B, Q, G]
162,[R, G, D, M, N, I, AA, E, S]
163,[T, Y, E, V, C, U, X, J, S]
164,[T, C, O, I, R, P, J, S, AA, Q, Z, L, A, B]
165,[C, S, W, J, Z, E, H, G]
166,[C, Y, F, J, D, X]
167,[A, T, X, C, O, U, R, W, Q, S, Y, B, V, N]
168,[Y, Q, A, V]
169,[M, Z, T]
170,[T, I, Z, Q, B, J, A, H, S, M, W, V]
171,[W, AA, T, B, I, J, P, C, F, A, S, E, V, L, D, O]
172,[F, U, M, Z, K, B, S, H, I, N, W, O, X, E, C, V, J]
173,[A, S, R, J, K, P, D, G, L, U, X]
174,[Z, B, C, O, M]
175,[E, Z, H, O, AA, T]
176,[W, X, A, I, F, R, T, B]
177,[P, Z, M]
178,[AA, I, T, G, P, J, F, A, R, K, S, V, B, Q, Y, X, D, H, M, E, L, O, N, Z, U, C, W]
179,[V, J, A, U, Z, R, G, P, F, B, C, N, K, L, Q]
180,[P, Y, X, O, S, V, A, R, AA, G, M, K, E, W]
181,[Q, I, E, X, C, Z]
182,[R, G]
183,[U, H, O, N, Q, P, D, I, A, Z, C, B, L, J, G]
184,[I, T]
185,[R, K, S, P, A, Z, L, W, F]
186,[F, O, I, X, M, S, A, C, E, J, L, R]
187,[H, Q, Y]
188,[P, X, N, J, H, V, F, Z]
189,[K, S, Q, U, I]
190,[Y, W, T, N, AA, L, S, Z, Q, A, K, R, P, C, H, B, V, F, U, D, M]
191,[B, E, A, K, U]
192,[C, V, U, Z, B, K, J, S, Y, I, N, T, M, W, X, R, F, H, P, G, A, D, E, L, AA, O, Q]
193,[J, K, L, B, C, Q, S, V, T, E, R, O, H, D, N, Z, AA, Y, F, I, U, P, M, G, X, W]
194,[B, H, Y, X, L, C, K, J, G, N, V, R, M, O, S, T, AA, I, A, E, P]
195,[B, D, L, H, J, X, V, S, I, F, M]
196,[S, Z, N, O, Y, F, X, E, J]
197,[G, L, V, M, J, T, K, X, F, I, A, O, AA, S, Y, Q, W, B, E, P, R, H, D, U]
198,[J, U, G, V, O, D, E, I, F, S, AA, A, P, L, K, T, Y, M, N]
199,[M, X, H, P, S, C, Z, I, E, L, B, J]
200,[G, R, Z, N, Q, B, O, Y, K, S, E, A, L, P, H, D, C, I, J, AA, T]
201,[P, S, D, AA, L, X, E, T, G, C, R, A, N, O, M]
202,[N, P, G, Z, T, L, V, D, AA, Q, M, H, U, C, E, I, O]
203,[R, T, J, F, Y, P, M, Z, H, O, W]
204,[T, I, AA, L, J, B, G, H, E, Q, K, Z, X, O, S, N, P, M, R, C, F, W, Y, A, D, V, U]
205,[R, D, W, U, S, L, I, Q, A]
206,[K, U, W, H, Q, F, R, C, A, AA, M, O, L, X, J, G, N, S, D, E, B]
207,[M, X, G, AA, N, S, D, P, T, B, Q, L, U, I, Z, R]
208,[K, G, H, V, W, A, T, AA, Y, D, O, R, L, J, B, M, S, X, C, F, Q, I, N, Z, U, P]
209,[Z, E, P, Q, L, B, W, N]
210,[I, U, W, G, C, K, X, V, S]
211,[G, J, A, C, X, L, F, H, Z, P, I]
212,[AA, B, J, M, Z, P, N, K, X, H, W, G, O, R, A, D, Q, Y]
213,[I, M, A, W, Z, Y, E, V, G, K, C, P]
214,[D, L, U, Q, N, G, I, B, S, A, AA, K, V, P, T, C, R, M, H, W, Z]
215,[N, T, X, L, V, R, O, H, F, S, Z, M, I, P, U, K, W, G, Q, A, AA, E, C, D, J, B]
216,[M, U, V, P, S, O, J, E, G, AA, R, I, C, D, N, Z, K, Y]
217,[T, H, S]
218,[H, D, N, T, J, Y, R, AA, B, P, A, Z, S, V, U]
219,[R, S, F, H, D, C, T, O, E, Y, W, X, L, B, U, M, K, Z, V, N, P, G, I, A, Q, J, AA]
220,[Z, A, I, D, G, B, X, Y, O]
221,[N, B, T, X, S, V]
222,[H, S, Z, T, V, X, Y, Q, F, I, P, C, L, AA, D, R, A, M, J, W, B, K, O]
223,[T, U, H, D, AA, O, F, L, N, G, K, B, P, Y, Q, E, C, Z, M, X, J, A, W, S, V]
224,[Z, J, K, U, H, R, E, C, T, D, N, V, Q, X, B]
225,[E, C]
226,[Z, O, M, AA, D, H, L, F, Q, I, U, R, A, G, X, K]
227,[U, V, Z, A, T, O, X, S, F, Q, E, N, AA, J]
228,[N, P, I, R, E, U]
229,[K, T, S, J, B, N, L]
230,[P, G, T, C, Z, N, M, D, J, H, AA, V, A, Y, U, W, Q, O, R, F, E, S, B, L]
231,[C, Y, I, AA, J, U, F, A]
232,[AA, Q, G, B, X, F, O, W, T]
233,[J, S, W, H, X, I, U, L, C, D, AA, P, Z, Y, F, N, V, O, B, G, Q, M, R, K, E, T, A]
234,[AA, J, O, F, E, K, U]
235,[L, C, J, U, S, E, H, G, R, O]
236,[K, B, J, H, W, M, X, AA, S, V, F, A]
237,[N, D, T, H, Z, AA, O, V]
238,[Q, R, K, L, A, H, P, W, C, S, F, Z, X]
239,[AA, L, O, Z, Q, K, B, M]
240,[N, F, Q, H, C, Y, E, Z, W, AA, M, L, O, G]
241,[S, A, X, U, B, H, G, N, W, J, E, I, K, L, O, Q, C, V, D, M, Z, Y, R, P, AA, T]
242,[Y, Z, D, M, J, V, W, X, R, S, Q, I, C, F, AA, O, N, L, B, U, E, P, G]
243,[L, Y, X, Z, N, P, Q, I, G, E, A, D, F]
244,[W, A, U, O, M, N, V, H, D, G, S, F, I, C, T, B, E, P, Z, J, Q, K, L, R, Y, X]
245,[Z, Y, H, K, B, S, T, P, X, M, D, V, A, O, N, C, Q, I, L, E, AA, J, U, G, R, F]
246,[B, M, R, Q, L]
247,[V, L, C, H, Q, D, K, W, M, B, N, Y, U, AA]
248,[U, Q, B, X, F, C, AA, D, V, S]
249,[U, G, Q, R, E, Y, B, W, D, O, V, AA, A]
250,[J, M, W, Z, S, P]
251,[Q, O, X, U, A]
252,[D, X, E, J, R, Q, Z, K, N, Y, I, B, S, C, P, V, M, U, W, F, AA, G]
253,[Y, A, O, K, R, F, Z, H, Q, S]
254,[Y, L, AA, O, G, Q, J, N, H, I, K, P, M, X]
255,[K, R, N, J, C, H, F, M, S, T]
256,[R, F, B, Z, N, A, P, G, X, I, U, V, L, M, E, T]
257,[G, N, P, M, L, Z, W, F, E, S, Y, D, V, J, C, A, O, K, H, AA, B, I, T, U, Q, R]
258,[AA, T, A, L, S, R, J, N, Z, D, G, F, U, O, X, E, M, K, I, Q, V, W, B, P]
259,[J, G, L, R, E, W, A, C, Z, D, S, AA, K, N, H, P, Y, F, V, O, X, T, Q, M, B]
260,[U, B, R, H, Q, D, O, J, E, AA, M, V, N, Z, S, X, Y, K]
261,[W, Q, S, K, A, T, Y, J, E, U, R, V, M, P, D, L, I, Z, G, O, B, X, C]
262,[T, U, F, L, M, P, E, Z, C, N, S, V, J, O, X, I, D, Y, G, W, Q, AA]
263,[P, M, R, D, U, AA, W, Y, I, S, F, O, T, Q, G, B, N, E, A, K, H, C, Z, X, J, L, V]
264,[Y, I, U, A, M, H, S, V, B, E, Z, T, G, X, N, J, D, W, F, K, R]
265,[G, R, Q]
266,[W, E, G, I, X, N, B, Q, U, Z, J, F, V, T, O, Y]
267,[Y, E, J, R, W, I, V, X, B, P, T, U, Q, H, AA, L, O, S, Z, C]
268,[Q, F, X, S, A, H, R, E, U, V, N, Y, O, B, T, Z, D]
269,[N, G, Y, Z, R, S, H, V, E, F, J]
270,[J, Y, L, G, H, R]
271,[Q, I, N, C, K, R, J, U, W, Z, V, T, A, X]
272,[T, D, K, C, V, N, Q, F, E, B, R, AA, U, Z, G, I, A, X, S, M, L, P]
273,[H, Z, R, W, J, Y, O, V, U, A, S, T, F, E, N, L, K, AA, P, I, G, M, X, D, C, Q, B]
274,[T, Z, Q, A, I, F, D, S, K, R, V]
275,[P, Z, AA, V, B, F, T, G, C, E, S, I, R, Y]
276,[F, H, C, G, AA, K, S, Q, W, O, A, T, Y, M, J, B, N, R, Z, D, X, L, V, P]
277,[D, K, H, Q, E, C, O, W, L, G]
278,[M, Y]
279,[P, W, B, A, M, D, AA, J, T, H, V, K, F, L, E]
280,[Q, E, H, O, P, K, B, I, V, Z, C, G, T, X, D, S, F, A, J, M, AA, W, R, Y, L, U, N]
281,[C, Q, K, T, X, S, AA, Z, M, W, O, E, H, F, A, V, R]
282,[V, D, B, N, X, K, AA, J, P, H, R, E, Z, Y]
283,[K, C, AA, T, H, G, M, S, B, E, W, L, J, Y, Q, I, P, X, N]
284,[X, Q, B, M, R, C, N, E, Z, H, S, D, V, W, J]
285,[H, G, T, C, O, R, D, Q, F, L]
286,[K, B, N, V, X, Q, R, AA, A]
287,[Y, R, L, D, K, N, M, F, T, B, Z, S]
288,[A, Q, J, G, Y, F, D, E, K]
289,[L, M, R, O, S, AA, V, F, W, I, K, H, Y, X]
290,[S, R, AA, L, M, C, O, P, Q, K, Y, F, B]
291,[R, X, B, Y, U, I, F, S, A, V, D, G, K, P, N, M, C, W, H, T, J, E, Q, Z]
292,[F, O, Q, K, AA, V, N, D]
293,[H, AA, Y, I, N, J, P, W, E, B, R, V, L, F]
294,[N, Y]
295,[N, B, S, E, Y, W, K, O, A, I, T, U, AA, J]
296,[P, A, J, Y, Z]
297,[T, A, M, B, H, X, V, R]
298,[R, U, D, E, S, B, O, A]
299,[N, T, H, P, L, C, R, U, V, E, Y, AA, S, D, F, Z, G, B, K]
300,[K, O, H, R, AA, E, G, A, N, X, Q, M, J]
301,[A, I, U, Q, L, V, C, N, T, E, S, G]
302,[B, V, I, G, A, Q, U, L, H, O, X, D, T, E, R]
303,[I, A, V]
304,[V, AA, I, C, P, Q, F, D, A]
305,[P, C, T, F, W, Q, G]
306,[AA, C, B, V, I, Z, K, Q, F]
307,[M, O, S, K, J, C, U, F, V, W, I, G, Q, Z, R, AA, D, N, L, T, E, H]
308,[P, A, V, Y]
309,[V, F]
310,[Y, O, A, C, E, I, L, G, R, W, F, J, P, H, T]
311,[G, C, P, D, Z, F, W, B, Q, I, E, M, O, U, R, L, AA, Y, J, S, N, H, T, K]
312,[B, H, Q, U, X, F, N, L]
313,[W, K, X, M, C, B, R, AA, E, D, O, H, T, J, I, Y, Z, A, G, F, L, U, V, Q, P]
314,[T, F, L, X, C, J, Q, S, B, W, A, P, Y, M, G, N, V, H, E, AA, D, Z, R]
315,[D, G, F, R, L, V, Z, S, J, B, K, I, X, T, W, E, U, M, Y]
316,[S, Z, V, X, F, D, I, P, J, Q]
317,[Q, I, V, N, P, D, C, B, W, U, Z, E, G, O, R, L]
318,[M, AA, P, I, H, W, A, D, G, S, N, Q, Y, O, Z, T, C]
319,[A, D, P, Z, H, L, F, I, R, K, J, E, N, B, C, V, M, X, G, S, Q, U, W, Y]
320,[L, G, T, I, Q, W, X]
321,[P, AA, G, V, U, Z, T, S, A, E, M, R, L, Y, J, N, H, D, X, C, O, F, B]
322,[M, X, S, P, H, AA, T, Q, A, B, J, U, L, K, O, V, Z, Y]
323,[I, K, V, G, B, E, N, T, L, X, S, U, Z, Y, C, Q, F, P, AA, J, R, D, M, O]
324,[H, I, K, Z, P, F, W, D, R, AA, A, L, S, U, E, G, N, Y]
325,[S, O, I, X, A]
326,[J, B, AA, F, L]
327,[E, Q, H, P, J, F]
328,[J, E]
329,[M, K, X, W, L, S, U, B, F, V, G, Y]
330,[V, T, L, A, K, W, U, I, R, S, Y, F, X, E, G, C, J, Z, B]
331,[B, S, D, K, C, X, N, A, H, P, F, V, E, AA, Z, Y, O, R, M, G]
332,[J, I, C, H, Y, X, B]
333,[J, M]
334,[X, M, W, J, Z, I, H, D, AA, Y, P, T, B]
335,[T, A, O, P, V, AA, U, N, M, R, C, F, G, B, Z, I, X, Q, K, W, Y, H, S, J, D, L, E]
336,[A, P, W, M, J, C, G, Q, R, Z, V, F, H, S, D, L, E, O, U, B, N, Y, T, K, X, I, AA]
337,[Y, D, P, H, T, O, U, C, E, Q, G, L, X, F, N, K, W, A, V]
338,[AA, P, A, S, B, V, U, W, F, I, C, K, M, T, L, X, H, D, Q, Z, E]
339,[G, X, P, N, J, I, Q, AA, R, B, K, C, F, Z, V, Y, E, O]
340,[U, M, A, F, W, D, E, P, I, AA, C, Z, J, O, B, H, Y, S, Q, T]
341,[R, H, G, S, X, O, Q, N, W, A, I, J, T, K]
342,[U, D, N, G, J, M, H, B, I, S, V, Q, F, AA]
343,[U, Y, N, R, E, J, D, B, C, H, F, W]
344,[G, E, V, R, D]
345,[T, S, K, L, X, Z, Y, V, P, I, D, Q]
346,[K, S, E, H, G, Q, N, X, O, I, Y, U, J, T, C, L, F, W, R, P, M, A, V]
347,[A, X, F, H, T, U, S, K, L, O, R, N, Y, AA, I, E, C, Z, B, V, Q, J]
348,[N, V, W, K, E, F, T, P]
349,[W, B, N, A, L, Y, C, R, O, K, AA, Z, D, M, X, F, V]
350,[H, A, X, O, B, J, Q, Z, D, V, P, Y]
351,[N, L, C, Q, P, J, I, D, M, B, F, T, O, R, X, H, AA, E]
352,[I, C, V, R, P, AA, J, E, N, G, K, D, M, X, H, Q, B, T]
353,[M, D, R, E, S, L, U, V, W, P, K, C, G, AA, H, F, B, N, O, T, I, X, Q]
354,[I, Y, J, W, D, A, M, U, E, Z, K, P, X, F, V]
355,[P, W, Q, AA, C]
356,[Y, Z, B, U, K, W]
357,[P, J, B, O, AA, A, Y, F, W, I, V, N, R, H, Z, C, Q, S, D, E, L, X, M, U, K, G]
358,[C, J, N, W, B, D, P, T, K, U, A, H, F, L, AA, E, G, X, Z, M, V, Q, S, I]
359,[S, AA, C, K, G, J, R, T, Y, H, Q]
360,[AA, Z, B, Y, D, Q, L]
361,[F, D, M, AA, A, J, Q, T, Z, L, O, K, V, B, U, W, P, G, E, C, X, R]
362,[N, B, J, Y, H, C, S, A, R, M, X, O, Q, Z, G, AA, U, F, L, D]
363,[N]
364,[J, G, T, Y, E, X, Q, U, N, O, P, I, V, A, W, L, F, B, Z, AA, R, K, H, S, C, D]
365,[T, F, Z, S, U, I, Y, V, E, A, N, D, W]
366,[G, H, B, C, D, F, Q, I, A, P, S, Z, N, R, Y, W, M]
367,[R, Q, I, V, P, K, L, B, O, G, H, Y, M, D, U, C, E, AA, A, W, X, T, S]
368,[J, F, V, M, Q, W, L, K, N, Y]
369,[Q, E, N, S, V, Y, R, G, D, P, T, X, B, I, M, O, F, Z, W, L, H, J, U, C]
370,[V, J, M, T, D, I, O, C, H, Q, P]
371,[Y, N, C, R, F, W, M, G, T, Q, E, D, J, S, Z, V, K, X, P, AA, O, U, I, L, A, B, H]
372,[G, K, Z, J, Q, C, B, AA, D, P, X, E, V, U, T, R]
373,[V, N, H, C, Y, M, A, G, D, Z, J, L, AA, E, O, T, I, U]
374,[K, B, X, Y, I, N]
375,[Z, B, E, M, P, O, V, H, J, A, L, K, X, W, C, Y, G, T, N, Q, F, I, U, AA, D, R]
376,[D, J, Q, H, O, K, V, X, E, I, T, W, Z, AA, M, P, N, U, B, C, L, F, R]
377,[V, T, U, B, G, L, O, N, Z, Y, F]
378,[AA, X, P, D, K, C, S, T, B, W, E, I, Q, H, Z, A, F, J, R, L, G, N, V, Y, O, M, U]
379,[B, J, G, A, N, Y, C, X, P, S, F, E, Z, O, L, Q, M, H, AA, K, U, V, R, D, I]
380,[I, B, G, A, U, N]
381,[B, D, N, J, I, S, G, T, M, AA, F, E, P, C, L, Y, R, Q, H, A, Z, V, X, W]
382,[P, C, Q, M, I, O, U, J, K, A, H, R, Z, S, F, AA, L, X]
383,[I, Z, A, Q, K, D, L, X, U, H, J, N, O, W, R, B, AA, P, C, T, V, E, Y, F, M, S]
384,[A, E, I, V, P, M, D, R, H, U, X, Q]
385,[O, Y, H, AA, S, G, T, M, U, Q, E, Z]
386,[G, Q, T, E, B, J, AA, C, D]
387,[E, P, AA, H, N, X, Q, D, V, Z, W, U, C, F, B, M, A]
388,[E, AA, Z, B, F, U, R, S, O, D, T, Y]
389,[E, G, J, K, O, S, AA, V, A, X, B, Y, C, U, T, D, I, N, L, W, M, H, Q]
390,[N, X, W, V, Z, R, B, Y, AA, E, L, H, P, A, U, M, C, T, O, I, G, J, F]
391,[W, E, P, AA, F, Y, J, I, K, M, Q, V, R, Z, D, A, U, C, H, O, S, L, T]
392,[P, G, N, R, L, I, Q, D, V, Z, J, H, O]
393,[X, H, T, B, U, E, K]
394,[C, N, M, G, T, P, H, F, S, U, W, R, L, J, X, I, Y, A, Q]
395,[U, H, T, P, K, C, D, S, F, M, A, J, X, G, N, R, W]
396,[E, J]
397,[N, O, I, C, AA, G, T, Q, B, R, V, L, U, F, K, A, Z, M, H, J, E, W, Y]
398,[K, H, G, U, E, I, F, Y]
399,[O, T, I, S, Q, H, M, W, AA, G, U, V, B, R, X, P, N, J, K]
400,[K, O, T, Y, A, F, AA, W]
401,[Q, R, T, O, U, L, P, H, V, D, W, X, A, I, K, M, N, J, B, C, AA, E, Y, F, G, S, Z]
402,[D, P, O, AA, R, A, T, F, U, Y, N, J, V, I, E, S, L, G, B, X]
403,[B, G, V, R, W, Q, U, N]
404,[L, Q, W]
405,[A, E, P, O, U, Q, Z, T, N, W, M, J, F, X, L, V, K, Y, C, AA, R, I, B]
406,[O, C]
407,[A, Q, E, H, M, W, F, Y, K, C, Z, R, J, I, AA, N, B, L, T, P]
408,[U, AA, S, B, A, Y, V, G, M, C, F, D, H, L]
409,[A, E, C, Q, D, W]
410,[AA, O, W, F, P, U, I, B, X, E, V, Q, N, L, T, A, Z, G, M, D, H, R, S, Y, C, J, K]
411,[K, U, Z, T, X, F, A, E, Q, D, C, AA, V, L, P, S, Y, O, N, J, I, M, B, W, R, G]
412,[Y, P, L, R, I, H, C, K, B, F, A, AA, W, Z, E, O, J, N, T, D, M, S]
413,[A, Y, V]
414,[H, N, U, T, I, W, O, R, Z, E, AA]
415,[E, L, U, K, Q, Z, H, Y, M, AA, S, C, D, O, W, F, T, G, I, B, J, P, X, R, N, A, V]
416,[Z, S, M, K, D, H, L, F, V, P, C, I]
417,[M, R, J, A, O, U, K, L, P, V, N, H, AA, E, C, X, T, S, D, B, Y, W, I, G, Z]
418,[C, F, T]
419,[T, V, L, Y, U, M, Z, O, A, C, X, P, F, K]
420,[D, F]
421,[J, D, Z, E, N, X, H, S, AA, A, W, M, P, Q, R, C, G, O, I, L]
422,[K, Y, E, J, W, H, A, F, I, D, P, U, C, O, R, V, L, B, S, N]
423,[N, F, U, R, I, Z]
424,[D, V, M, F]
425,[Z, V, AA, W, P, U, H, R, G, O, B, J, A, T, Q, L, S]
426,[J, X, Q, Y, C, B, U, V, L, K, A, Z, N, W, D, O, R, H]
427,[O, D, Y, P, S, N, R, E, U, M, K, W, J, A, L, X, C, Z, B, AA, Q, H, T, G, V, I, F]
428,[A, I, E, N, L, X, S, P, T, D, J, K, M, F, V, H, O, B, C]
429,[AA, R, T, K, D, I, J, U, B, A, F, O, G]
430,[N, A, V, L, X, R, O, K, D, M, E, Q, W, C, U, Y, Z, B, J, T, G, S, H, P, F, AA, I]
431,[F, B, Q, N, Z, C, AA, Y, M, U, I, P]
432,[Z, B, L, F, E, AA, A, U, X, J, C, N, S, P, V, D, K, H, Q, Y, O]
433,[I, R, C, A, D, S, E, P]
434,[J, AA, F, P, R]
435,[U, O, T, N, I, Q, V, K, C, D, Z, P, Y, B, G, M]
436,[G, X, U, B, O, C, I, L, R, J, Z, D, F, E, Q, V, W, M, AA, A, H, S, N]
437,[U, D, H, W, AA, S, O, K, V, L, Q, M, Z, B, G, A, P, J]
438,[A, C, I, R, Q, J, Z, K, B, L, Y, U, V, F, E, T, AA, D, H, G]
439,[H, A, N, W, C, B, P, X, AA, F, L, J, T, Q, V, K, U, O, M, E, R, S, Z, I, D, G, Y]
440,[Q, Z, K, N, E, F]
441,[B, Y, C]
442,[C, V, I, O, Z, D, K, S, J, R, Q, B, W, AA, G, M, X, T]
443,[K, Y, X, F, AA]
444,[J, C, Q, F, N, Z, I, D, B, L, V, U, O, AA, K]
445,[X, D, L, I, Q, K, T, O, N, U, P, W, S, V, Y, J, M, H, AA, E, A, C, Z, F, B, R, G]
446,[K, J, T, V, B, Q, Y, U, P, D, Z, R, E, L, A]
447,[X, I, AA, P, A]
448,[A, N, P, B, X, D, Y, M, J, V, L, R, K, C, T, I, O, U, G, H, W]
449,[G, J, P, T, H, Q, D, L, V, O, W, AA, N, I, Y, R]
450,[H, W, Y, E, X, G, B, S, AA, V, U, Z]
451,[L, E, W, I, J, Y, F, AA, D, S, Q, X, B, G, Z, R, K, V, N, C, M, A, T, U, P, H, O]
452,[R, Y, O, F, N]
453,[N, AA, M, Q, U, C, R, X, I]
454,[R, C, T, Q, P, F, J]
455,[F, T, K]
456,[AA, M, S, P, N, G]
457,[D, E, Y, Q, U, O, M, H, A, J, S, V, W]
458,[R, L, H, J, Y, S, F, Q, K, M, A, AA, N, E, D, T, C, I, W]
459,[B, H, C, J, M, G, N, R, U, S, AA, Q, T, L, A, Y, W, X, E, I, P]
460,[P, G, O, A, V, J, C, L, T, S, AA, Z, D, M, E, K]
461,[L, D, Y, G, A, I, E, W, C, R, X, N, J, P, Q, V, M, O, S, Z, AA, B, K, H, U, F, T]
462,[AA, J, I, P, Y, D, A]
463,[V, Z, F, A, W, D, H, L, Q, Y, G, O, P, K, T, E, J, X, S, I, N, C, AA]
464,[E, B, I, N, F, Y, C, H, K, Z, L, V, M, U, A]
465,[O, D]
466,[N, F, D, C, V, U, G, H, O, AA, E, W, Z, J, S, A, M, B]
467,[D, K, N, I, X, Y, B, O, AA, A, V, R, C, L, S, U, T, Q, P, F, G, E, M, J, Z, W]
468,[L, M, V, F, E, AA, H, S, O, Z, U, W, K, X, N, C, I, A, G, B, P, D, Y, R, T]
469,[W, M, Z, S, C, U, B, G, D, T, O]
470,[N, F, S, J, P, W, H, Q, T]
471,[W, N, E, Q]
472,[I, C, V, AA, N, U, R, D, Z, M, W, E, K, O, P, G, F, H, J, A, X, S, Y, L, B, Q]
473,[V, F, C, S, R, Q, N, H, W, X, Z, M, G, K, L, P, D, A, AA, O, Y, E, U, I, T]
474,[P, C, Y, AA, T, L, D, V, Z, E, Q, H, S, I, O, A, U, X, N, G, J, W, B, F, M, R, K]
475,[B, V, G, E, S, N, R, L, C, X, D, W, AA, U, K, M, Z, A, T, P, J]
476,[Y, M, C]
477,[M, L, Y, W, G, X, H, P, K, B, I, E, Z, Q, A, N, R, V, AA, C, U, O, D, F, J]
478,[N, AA, E, H, A, L, B, P, J, R, G, O, K, X, Z, T, D, S, M, F, I]
479,[J, M, O, W, AA, K, Q, L, D, R, G, F, Z, V, S, X, P, N, C, E, B, U]
480,[D, N, P, B, O, X, K, S, Q]
481,[I, A, V, L, U, AA, K, O, B, R, G, H, D, P, M]
482,[N, M, P, U, R, T, B, X, G, AA, Q, A, L, C, V, Y, S, D, J, W, I, O, H, K, E, F, Z]
483,[AA, X, D, Z, F, R, V, Q, K, H, I, Y, U]
484,[O, T, W, P, C, N, M, K, Y, R, AA, F, J, D, I, G, Z, V, A]
485,[V, S, B, P, Z, T, M, Y, F, X, O, A, W, H, L, I, R, AA, C, J, Q, D, G, U, N]
486,[E, S, C, W, K, F, X, A, B, I, L, J, Y, Q, D, G, Z, M, R]
487,[Y, Z, I, O, L, F, S, A, U, C, N, K, B, G, J, R, P, X]
488,[A, H, K, C, S, L, W, G, Z, T, B]
489,[F, C, B, AA, R, E, X, I, S, U, P, K, G, O, Y, W, Z, L, T, A, J, M, D, Q, N, V]
490,[C, R, T, S, N, V, Q, X, B, I, K, O, P, D, F, Y, A, J, U, L, W, E, Z, AA, H, M, G]
491,[U, F, S, Q]
492,[AA, O, I, B, M, H, S, V, T, L, U, P, Z, Q, G, C, J, K, A, D, F]
493,[F, Q, G, S, E, U, M, W, B, L, H, V, K, X, A, AA, Y, J, D]
494,[O, Y, M, J, A, R, D, AA, B, P, F, V, X, I, S, W, Q, H]
495,[AA, J, H, A, E]
496,[J, I, X, R, L, N, A, B, G, E, F, K, P, W, M, Q, U, AA, Z, D, S, C, H, Y, V, T]
497,[M, Y, D, I, AA, L, K, U, E, P, R]
498,[R, L, A, C, P, Z, U, I, Y]
499,[S, K]
500,[Z, X, M, R, L, C, Q, S, E, F, B]
501,[Q, C, G, Z, M, U, F, P, T, N, H, E, V, I, O, B]
502,[Z, I, Y, J]
503,[X, L, H, R, Q, B, U, M, E, P, T, K, Y, O]
504,[K, Q, W, U, V, G, N, P, E, R, Y, I, L, M, H, X, F, T, A]
505,[T, Y]
506,[D, A, H, C, Q, W, P, S, Y, AA, N, E, J, B, F, K, O, R, G, X, L, M]
507,[S, Q, K, O, W, B]
508,[K, F, S]
509,[Q, O, X, L, E, U, F, D, A, J, K, M, AA, C, H, Y, P, B, V, I, N, S, R, T, G, Z, W]
510,[H, E, J, P, L, G, AA, W, R, I, C, Q, F, T, K]
511,[V, Y, B, A, K, F, E, AA, M, X, S, D, N, J, O, C]
512,[D, Q, O, AA, W, T, A, Y, L, I, K, U, P, H, M, F, V, C, E, Z, R, G, B]
513,[O, X, B, L, Z, Y, I, T, H, AA, Q, U, R, C, P, S, F, W, N, K, V, A, J, D, E, G, M]
514,[E, K, C, L, U, T, P, G, AA, N, W, A, X, R, O, Y]
515,[M, Q, X, D, S, K, AA, A, V, T, R, J, G]
516,[T, D, J, X, K, E, Y, N, V, H, Z, A, O, F, U, B, C, AA, G, I, R]
517,[J, B, S, E, T, Y, D, V, AA, P, C, H, W, L, N]
518,[C, F, L, X, V, P, W, M, S, I, G, D, H]
519,[M, L, P, S, Y, R, D, J, U, I]
520,[K, Y, R, P, C, J, W, F, A, V, G, Q, L, M, N, D, B]
521,[N, B, X, A, T, E, F, Z, W, G, K, R, M, S, D, L, J, C, U, O, AA, H, P, Q, I, Y]
522,[I, R, AA, H, G, Z, Q, C]
523,[G, W, X, U, Q, AA, M, D, J, L, T, O, K, F, E, C, Y, N, R, Z, I, P, S, H]
524,[D, L, P, R, V, I]
525,[AA, N, V, I, W, F, O, C, H, J, X, Z]
526,[O, A, B, F, U, J, W, H, X, Q, N, V, I, M, D, G, P, Y, T, AA, L, E, Z, K, R, S]
527,[T, L, D, Z, K, E, Y, S, H, G, V]
528,[S, J, V, A, D, K, R, H, F, U, E, B, G, I, T, P, O, Y, W, N, M, L, Z, Q, X]
529,[R, L, O, N, J, C, A, Z, M, W, K, D, X, I, Q]
530,[C, L, M, D, Z, J, AA, Q, A, U, I, X, W, V, S, T, G, O, K]
531,[P, T, Y, X, E, M, A, J]
532,[E, T, K, U, G, AA, R, O, Q, H, B, N, V]
533,[V, E, S, L, H, B, Q, F, T, AA, G, Z, Y, X, K]
534,[O, B, H, J, U, V, Y, K, N, M]
535,[X, K, F, M, E, N, I]
536,[Z, Q, N, Y, P, X, K, C, AA, D, T, U, V]
537,[Z, U, W, R]
538,[C, J, E, G, N, F, Y, Q, R, X, A, D, Z, L, V, B, S, K, O, W, I, P]
539,[M, W, L, V, S, D, K, X, B, R, T, AA, E, N, C]
540,[U, X, I, A, O, G, B, Y, H, AA, M, Q, P, D, R, J, F, N, W]
541,[G, M, F, P, L, H, Z, V, O, J, S, B, I, AA, E, Q, K, N, C, Y, R, A, U, W]
542,[O, L, T, U, E, X, V, W, F, K, C, P, Z, I, AA, S]
543,[N, D, F, P, AA, R, Y, J, G, E, I, Q, X, V, B, Z, C, U]
544,[Z, U, E, O, F, P, G, X, AA, I, V, D, L, K, H, B, M, J, A, S, N, Q, T, C, W, Y]
545,[Y, H, R, E, I, U, L, C, P]
546,[A, P, Q, I, T, R, E, S, Z, G, Y, F, X, J, D, V, K, M, AA, W, H, L, C, O, N]
547,[A, X, W, L, B, D, Y, R, AA, M, F, O, Z, V, P, H]
548,[S, F, K, X, L, V, Q, N]
549,[J, H, L, D, AA, A, R, M, Z, U, V]
550,[X, U, Q, P, A, O, H]
551,[N, C]
552,[U, Q, R, W, Y, B, Z, S, L, AA, D, J, H, X, I, M, G, O, A, C, T]
553,[E, V, J, AA, T, K, B, M, F, A, I, Y, O, H, Z, L, U, S, X]
554,[AA, M, F, D, N, U, A, K, O, S, I, C, Q, G, Y, J, Z, V, P, B]
555,[U, L, K, I, X, A, V, J, M, T, N, G, O, C, W, B, P, F, AA, Q, D, E, S, Z, R, H]
556,[F, D, P, O, N, K, C, R, G, X, H, B, Y, A, I, L, S, W, E, U, Q, Z, T, V, AA, M]
557,[S, Y, O, I, D, AA, M, K, F, H, G]
558,[E, T, F, N, P, D, Q, C, AA, J, H, L, G, S, X, A, M, O]
559,[A, N, B, Q, C, P, H, F, L, Y, Z, T, W, AA, I, U, M, D, R, K, G]
560,[S, J]
561,[X, W, J, O, AA, Z, K, B]
562,[D, J, R, X, F, S, K, L, N, T, W, O, M, G, C, E, H, V, I, Z, AA, Y, U, A]
563,[AA, T, L, S, I, J, C, Q, O, A, V, G, K, U]
564,[B, P, D, T, S, AA, J, E, C, M, X, R, N, O, Z, I, A, Y, H, G, Q, F, L, K, V, U, W]
565,[K, Z, X, T, P, D, G, J, F, M, H, A, L, O, N]
566,[A, C, Y, R]
567,[E, O, B, K, A, L, R, X, J, F, W, N, V]
568,[D, H, Q, O, B, Z, G, U, A, F, I, N, AA, E, Y, M, T, S, W, R, P, V, C]
569,[Z, T, A]
570,[F, H, AA, K, I, X, N, W, S, U, B, P, L, O, Z, C, Y, E, Q, D, R, V]
571,[B, Q, R, P, J, M, U]
572,[P, A, C, Z, Q, K, L, AA, N, M, W, T, R, G, E, X, B, I, S, H, O, Y, F]
573,[Q, T, D, I, C, W, N, E, A, V]
574,[C, J, Z, G, X, W, Q, B, H, S, V]
575,[P, F, U, X, B, G, Y, C, AA, O, Q, M, T, J, H, W, D, N, E, V, I, L, R, A, K]
576,[Z, D, F, X, O, V, I, M, W, U, T, G, P, H, E, L]
577,[U, H, R, D, C, L, K, V, O, S, Z, X, G, E, B, P, F, AA, W, M, N, Y, T, J, A, Q, I]
578,[K, AA, B, N, A, H, M, F, I, V, U, W, J, D, T]
579,[U, I, K, Z, M, A, R, G, V, O, P, Q, F, Y, B, J, H, T, C]
580,[F, H, C, D, B, O, P, Z]
581,[P, N, O, L, G, B, A, X, W, Q, V, U, R, F, Y]
582,[F]
583,[A, E, Y, B, K, Q, D, W, S]
584,[Z, S, Q, J, Y, C, H, T, R, AA, X, U, V, L, W]
585,[B, O, X, N, U, Z]
586,[Q, V, Y, T, K, O, F, M, H, AA, S, N, B, R, X, W]
587,[A, S, Q, I, Y, U, G, V, H]
588,[Q, H, M, X, R, S, A, Z, N, B, I, T, U, E, K, C, V, Y, J, G, D, F, W, AA, P, L, O]
589,[B, G, F, L, D, O, Y, R, AA, V, W, P, Z]
590,[U, C, H, W, V, M, Z, AA, T, Y, E, I, L, P, K, A, N, J, X, B, G, R]
591,[O, X, H, C, A, I, F, L, K, T, Y, Q, P, M, Z]
592,[P, U, E, G, F, C, T, S, V, R, Q, H, W, L, J, Y]
593,[R, M, D, Q, U, K, P, Y, V, Z, S, E, I, C, L, N, G, O, A, X, F, B, W, AA, T, H]
594,[X]
595,[A, O, C, T, F, M, S, W, Q, N, G, Z, X, R, AA, L, P, I, U, D]
596,[AA, K, V, S, M, U, P, B]
597,[G, C, M, F, E, V]
598,[F, J, D, Z, O, X, I, N, H, P, W, K, M, G, A, C, T, Y, L, Q, U, B, E, AA]
599,[J, Q, L, A, N, C, I, H, Y, V, X, E, M, W, K, G, D, U, F, R]
600,[F, I, D, B, G, M, H, S, R, P, Z, Q, N, L, K, E, AA, O, W, V, A, T, J, Y, C, X, U]
601,[V, N, E, X, R, S, O, U, J, A, T]
602,[Z, K, L, Q, U, O, A, S, W, I, D, G, M, F, P, R, T, C, B, Y, X]
603,[T, V, J]
604,[H, S, G, AA, U, Q, X, O, I, N, L, E, J, A, M, B, K, D, V, Z]
605,[K, I, H, U, G, C, F, R, B, V, Y, Z]
606,[G, X, D, K, V, N, C, Q]
607,[Z, K, W, F, M, B, Q, I, J, L]
608,[S, L, Y, P, A, J, O, B, W, Z, I, T, N, Q, AA, F, X]
609,[I, J, P, R, T, B, S, G]
610,[C, R, M]
611,[V, N, M, Y, Q, Z, E, T, B, S, I, W, O, AA]
612,[T, Y, H, F]
613,[T, AA, C, Z, V, B, H, N, U, S, G, A, I, D, J, X]
614,[B, V, K, U, Q, AA, D, I, O, X, J, E, P, H, C, S, T]
615,[S, AA, E, K, T, D, M, W, Q, H, B, U, G, J, I, A, C, L, Y, Z, V, P]
616,[L, A, D, C, R, S, E, Q, Z, B, N, M, J, Y, W, G, P, X, U, AA, T, I, V]
617,[L, G, O, D, W, X, B, S, N, E, Z, P, A, K]
618,[A, Q, K, L, M, R, E, D, T, G, Y, P, H, W, F, AA, O, B, I, U, N]
619,[E, T, K, D, C, R, G, O, M]
620,[C, Q, U, I, Y, E, G, X, M]
621,[A, V, O, C, U, G, H, X, Q, W, M, L, Z, E, T, B]
622,[I, V, P, J, N, T, Z, O, F, E, H, R, A, Y, M, X, K, S, AA, C, Q, G, D, L, W]
623,[U, L, A, N, AA, V, H, J, M, R, D, I, Q, Y]
624,[Y, R, X, U, G, B, A, I, M, W, T, C, J, AA, N, L]
625,[T, C, L, W, Z, Y, R, M, H, F, B, I, A, Q, O, J, V, G, S, N, D, E, K, AA, U, X, P]
626,[AA, K, S, A, L, V, O, W, D, Y]
627,[C, I, S, K, U, D, Q, AA, L, E, M, X, R, N, F, W, J]
628,[F, U, Q, P, G, J]
629,[T, C, P, Z, F, Q, Y, K, N, J, B, L, M, R, X, W, O, S, D, G, V, H, A, I]
630,[B, H, S, F, E, I, A, X, AA, C, J, V, Q, R, O, Y, W, U, D, P, T, G, N, Z, K]
631,[N, O, AA, G, L, Y, M, Q, X, W, B, T, D, Z, K, A, J]
632,[R, B, Z, Y, O]
633,[M, Z, D, L, Y, X, A, C, S, F, N, I, B, V, AA, E, O, Q, U, R]
634,[S, Y]
635,[J, L, F, P, E, A, D, T, B, V, Y, G, K]
636,[B, AA, Y, L, D, Z, X]
637,[H, B, G, F, I, U, A]
638,[B, D, AA, W, T, I, S, H]
639,[AA, F, V, X, O, L, E, S, T, B, Y, N, Q, G, R, Z, P, U, J, C, I, H, W, M, A, K, D]
640,[F, I, G, AA, D, Y, L, C, H, J, V, A, T, W, O, E, Q, N, Z, R, U, M]
641,[A, D, E, S, T, M, L, W, V, Q]
642,[V, L, S, J, Y, B, X, I, T, W, U, Z]
643,[O, U, F, L, E, C, D, K, Q, G, Z]
644,[R, I, T, E, L, O, X, C, G, V, B, Y, K, J, U]
645,[J, A, F, K, U, I, L]
646,[S, W, R, E, K]
647,[B, T, L, Q, E, M]
648,[N, O, M, D, L, E, J, H, P, A, R, S, W, G, Y, I, Z, U, F, B, C, V, AA, K, X, T, Q]
649,[A, R, T, M, B, AA, H, J, S, O, G, D, X]
650,[S]
651,[L, U, F, V, G, R, S, N, H, X, Q, J, Y, E]
652,[S, P, Z, N, Q, O, J, W, D, G, L, B, K, I, U, E, M, F, A, H, R, AA, V, C, T, X, Y]
653,[E, P, L, C, R, A, N, W, F, Z, T, I, D, AA, O]
654,[Z, C, J, G, U, H]
655,[M, O, AA, E, U, F, I, C, Y, V, S, T, K, D, G, L, Z, J, R, N, A, B]
656,[G, R, N, V, X, W, F, U, Y, AA]
657,[V, E, F, L, A, C, G, T, X, U, Q, P, D, N, Z, O, B, I, AA, J, Y]
658,[R, X, C, K, D, G, S, W, P, B, AA, U, J, Z, F, E, Q, T, M, A, V, L, O, I, N]
659,[J, G, C, AA, W, V, Q, M, F, S, T, B]
660,[U, K, C, AA, E, N, T, O, H, R, D, W, A]
661,[S, A, D, E, K, W, J]
662,[K, W, U]
663,[P, Z, V, R, L, E, Q, D, F, C, T, Y, W, J, N, A, G, I, H]
664,[Z, H, R, P, Q, N, T, L, O, F]
665,[U, O, Z, N, AA, B, G, R, T, W, F, Q, H, Y, I]
666,[Q, M, A, W, R]
667,[T, X, B, I, P, M, L, W, O, S, H, V, E]
668,[M, AA, G, A, R, Z, L, O, W, D, F, Q, H, P, I, K, J, V, N, S, X, C, E, T, B, U, Y]
669,[I, D, L, AA, T, R, B, J, H, S]
670,[V, U, K, O, D, I, S, T, C, J, H, W, Z, B, N, Y, X, R, AA, G, M, L]
671,[T, P, O, A, S, AA, M, G, J, R, U, E, K, D, H, B, W]
672,[F, E, D, V, G, R, Q, M, S, P, H, L, O, K, U, I, N, AA, T, W, A, C]
673,[A, C, J, Q, Z, G, V, W, F, H, T, Y, M, E, N, AA, B, D, K, S, O, U, X]
674,[I, R, O, L, A, U, T, S, V, K, P, G, C, H, J, D, W, Q, X]
675,[S, H, O, Z, R, Q, K, F, E]
676,[B, I, O, Q, J, M, N, U, S, Z, V, F, E, W, G, Y, T, L, P, D, A, H, R, C, AA, K, X]
677,[Y, O, L, M, E, I]
678,[F, Z, Y, D, Q, G, U, K, R, S, H, T]
679,[Q, O, B, F, X, L, H, E, R]
680,[D, J, M, S, G, H, B, N, R, X, V, Y, T, O, U]
681,[Y, V, Z, N, U, L, H, E, T, M, A, R]
682,[Z, C, B, T, R, L, H, N, P, K, W, X, J, F, M, G, I, E, S, Y, A, Q, O, U, AA, D, V]
683,[D, L, V, I, B, AA, G, A, Y, X, R, K, W, Z, Q, C]
684,[J, C, P, X, K, D, AA, M, V, H, U, G, R, Z, N, T, O, Q, Y, W, L]
685,[A, Z, O, F, B, AA, K, C, P, X, L, Q, S, H, T, G, U, W, J, N, R, M, E, Y]
686,[N, M, Z, I, Y, F, U, C]
687,[S, O, G, C, E, N, F, D, I, M, U, W, A, AA, T, R, L, Y, Z, K, V, H, Q, B, J]
688,[Q, K, Z, T, A, X, S, P, D, U, N, I, W, O, E, C, H, M, V]
689,[H, F, Y, C, V, T, M, P, O, G, B]
690,[Y, V, Q, R, C, L, M, A, F, K, U, P, O, E, AA, B, D, W, N, Z, S, G, I, T, J]
691,[K, Y, E]
692,[A, D]
693,[AA, F, N, Y, O, J, C, V, T, P, E, U, D, K, M, X, L, G, Z, H, A, W]
694,[E, V, K, AA, Z, X]
695,[A, N, AA, G, Y, R, E, I, O, M, D, Q, W, H, F, K, J, X, B, C]
696,[V, L, AA, E, G, F, W, R, C, P, J, A, B, K, Q, H, O, T, D, Z, N, X, U, Y]
697,[E, G, R, Y, N, A, P, X, Z, S, D, O, C, M, AA, K, U]
698,[O, W, C, Z, M, Q, H, B, A, L, X, R]
699,[P, S, I]
700,[R, I, S, M, L]
701,[W, T, V, F, C, P, S, K, Y, Q, X, Z, G, E, O, H, R, J]
702,[A, L, E, T, I, F, R, Q, O, B, J, D, K, Z, S, U, Y, G, AA, C, H, P, X, N, V, M]
703,[C, M, H]
704,[E, I, L, S, K, V, J, Q, Y, AA, N, O, B, H, X, W, F, R, G, D]
705,[V, X]
706,[A, I, P, S, U, J, V, R, T, F, O, W, B, L, N, E, H, Y]
707,[N, J]
708,[E, Q, A, K, S, G, P, H, C, N, Y, R, D, W]
709,[R, AA, V, Z, S, I, G, J, U, P]
710,[V, O, U, E, S, J, G, L, Q, D, I, H, W, A, P, T, AA]
711,[F, N, L, S]
712,[G, K, H, T, F, J, L, S, U, W, D, B]
713,[V, B, E, J, G, H, A, N, W, S, I, L, D, X, AA, U, M, F, K, Q, R, P, Z, Y, C, O, T]
714,[D, T, L, Q, U, O, H, M, N, Z, V, I, AA, Y, J, B, P, G, A, S, C, F]
715,[D, B, F, AA, W, K, I, C, J, G, R, N, O, P, Z, H, M, S, Q, X, Y, E, A, V, L, T, U]
716,[L, E, U, Z, Q, AA, X, Y, G, C, T, S, K, J, H, V, W, B, M, O, P, F]
717,[J, G, T, B, U, W, K, P, M, R, L, I, V, E, Z, C, Q, AA, Y, A, F, N, O, D, X, H, S]
718,[T, M, P, L, R, C, AA, Q, S, K, Z, H, O, J, U, B, V, X, A]
719,[Y, P, R, T, V, I]
720,[X, Q, F]
721,[D]
722,[C, O, I, K, Y, X, S, N, B, P, Z]
723,[S, U, T, R, F, I, B, A, H, Q, D, X, P, L, N, C, O, Y, V, E, Z]
724,[R, X, L, P, AA, H]
725,[B, D, A, F, W, T, S, Y, X, G, C, K, P, J, E, O, L, Q, M]
726,[I, L, F, B, H, N, V, D, X, Y, M, C, S, E, Z, O, W, P, J, AA, R, T, G, A, U, K]
727,[T, G, Z, H, L, Y, O, I, F, R, S, N, E, C, P, D, U, V, Q, W, A, B, X, J, M, K]
728,[E, J, C, K, I, Y, X, A, W, D, Z, Q, R, O]
729,[E, H, P, A, I, W, F, U, J, C, G, O, AA, B, K, Z, N, T, L]
730,[B, G, Y, F]
731,[S, H, A, Y, K, V, D, E, X, L, AA, Z, U, O, N, W, T, I, C, R, G, B, M]
732,[D, W, V, G, T]
733,[P, K, Q, B, Z, H, U, F, C, R, A, G, V, N, D, W, O, AA]
734,[F, L, N, K, B, Y, T, A, D, S, U, V, O, X, I, W]
735,[A, T, H, I, L, D, W, P, R, N, O, J, Q, X, Y, Z, E, F, M, B, S, U, K, G, C, AA]
736,[H, G, B, Q, W, V, AA, S, X, D, M, P, T, E, Y, Z, A, C, L]
737,[L, W, M, Y, T, P, B, C, V, E, S, G]
738,[C, L, G, F, AA, P, R, I, Y, E, B, X, S, D, U]
739,[A, R, S, AA, T, K, N, X, O, F, Y, Q, G, U, I, P, E, D, H, C, W, Z, M, B]
740,[B, W, C, R, L, Y, Q, T, K, S, F, M, G, P, U]
741,[A, J, M, AA]
742,[W, M]
743,[J, S, I, K, G, U, Q, C, D, A, AA, F, Z, T, P, V, X, M, N]
744,[B, G, S, M, X, U, P, N, V, Z, T, F, A, W, E, R, D, K, O, H, C, J]
745,[C, G, L, B, Z, R, E, N, W, K, F, U, X, H, Q, I, AA, A, J]
746,[AA, Z, V, O, K, M, J, C, R, D, S, N, T]
747,[G, F, B, Z, J]
748,[Z, V, M, E, Y, O, R, A, P, N, T, J, W]
749,[L]
750,[G, K, E, L, S, F, AA, C, A, O, X, D, J, Q, B, T, Y, W, P, I, M, N, R]
751,[Z, B, H, O, K, J, A, R, L, U, X, V, W, T, S, D]
752,[D, H, K, X, C, N, Y, P, S, J, Q, F, G, E, O, I, M, R, U, T, L, W, V, B, A, AA, Z]
753,[L, D, H, F, J, I, N, M, T, Q, Y, A, O, Z, B, U, E, S, G, P]
754,[O, Z, P, S, B, F, D, M, Y, H, E, N, W, Q, C, A, R, AA, K, T, V, J, I, U, L, X, G]
755,[V, B]
756,[R, Q, J, H, C, D, M, F, Y]
757,[U, T, R, K, B, E, I, A, AA, M, Y, S, P]
758,[U, P, K, I, L, D, A, S, H, Q, Y, B, G, N, O, J]
759,[L, F, Z, T, Q, G, J, R, K, W, A, AA, V, Y, N, C, P, M, H, O, X, U, D, B, S]
760,[V, D, J, K, R, M, Y, C, O, AA, N, Q, E, G, A, T, U, Z, I, X, S, F, P, L, B, H]
761,[F, AA, W, N, P, J, M, D, X, H, E, U, V, G, A, R, O, K, B]
762,[E, Z, P, S, Y, F, T, A, G, M, W, R, D, I, K, Q, V, U, AA, B, H, O, C, J, L, N, X]
763,[H, Z, B, W, N, X, O, V, E, S, L, R, AA, A, K, I, Y, J, F, C, D, P, Q, M, G, U, T]
764,[W, M, S, AA, B, O, Y, V, J, I, C, U, E, A, D, Q, L, X, T, R, K, H, N, P, Z, F, G]
765,[AA, B, E, M]
766,[P, F, N, H, O, U, K, G, Z, M, B, C, T]
767,[R, V, T, M, I, Q, O, D, W, H, S, U, C, N, E, P, Z, L, J, K, Y, B, F, X, A, AA, G]
768,[W, A, AA, L, M, K, B, Q, R, S, F, P, C, N, J, I, E, H, G]
769,[D]
770,[I, P, G, A, F, Z, W, Q, X, N, Y, E, O, B, H, D, AA, K, T, M, L, C]
771,[U, N, K, L, D, E, Y, S, Z, J, P, Q, I, R, C, W, B, M, AA, H, O, A, F, G, V, T, X]
772,[E]
773,[J, U, W]
774,[S, AA, Y, E, T, K, X, L, Z, H, J, F, A, B, W, N, M, C, P, Q, U, V, I]
775,[I, C, R, N, W, X, J, H, D, Q, U, AA]
776,[V, H, L, C, R, I, N, Q, P, X, J, S, D, AA, T, M, F, U, A, B]
777,[B, A, L, J, X, E, C, H]
778,[T, R, O, Y, M, J, S, V, X, I, AA, C]
779,[T, A, Q, E, M, W, U, O, K, L, P, I, S, H, N, V, Y, Z, X, R, G, B, F]
780,[AA]
781,[I, H, K, Y, Z, AA, L, J, C, E, O, Q, W, R, V, G, S, D, U, B, N, T, M, A, X, F, P]
782,[AA, H, Y, C, M, L, V, G, P, F, Z, D, B, T, K, A, W]
783,[U, G, D, K, F, M, C, Q, R, W, V, L, S, H, Z, Y, E, A, T, N, B, O, X, J, AA, I, P]
784,[W, L, K, D, A, V]
785,[H, S, Q, A, U, T, Z, AA, Y, W]
786,[X, N, AA, G, M, A, S, Z, T, H, L, Y, R, O, F, I, K, P, U, Q, C, J, E, D, V]
787,[I, J, N, M, Y, D, O, X, V, Q, H, G, B, L]
788,[W, V, K, R, H, M, T, S, J, N]
789,[K, X, AA, S, B, I, H, V, W, U, M, Q, N, F, Z, E, Y, L, C, O, P, G]
790,[AA, K, S, O, E, U, F, G, M, X, Y, I, Q, P, V, R, C, J, B, L, D, Z, A, T]
791,[N, Z, G, L, E, F]
792,[T, D, N, H, R, A, X, W, Q, J]
793,[O, W, G, L, J, V, X, F, E, B, Y, N, A, U, C, AA, R, Q, P, T, I, D, H, K, M, S, Z]
794,[S, A, O, H, Z, W, F, I, U, T, N, C, V, Y]
795,[C, G, V, Z, K, S, N, E, W, O, R, M, L, U, AA, T, Y, H, Q, A, P, J, B, D, F, I, X]
796,[G, X, AA, T, P, R, I, L, O, F, Q]
797,[S, AA]
798,[J, H, E, Y, C, F, X, D, M, G, L, N, V, AA, P]
799,[H, I, K, Z, X, C]
800,[Q, D, O, K, C, T, P, Z, AA, H, J, S, A, L, V, G, F, M, Y, R]
801,[D, Y, V, M, P, T, N, O, J, I, U, G]
802,[V, R, U, C, Z, N, H, I, O]
803,[S, Z, J, T, L, O, K, I, U, M, D, V, AA, N, E, Q, C, R, F, G, H, B, A, X, W]
804,[J, T]
805,[O]
806,[S, J, H, L, V, I, P, E, N, K, X, M, A, W, B, Z]
807,[A, N, W, M, U, C, Y, E, X, R, L, F, I, P, Z, S, K, V, AA, G]
808,[N, F, H, G, L, Y, A, U, I, D, P, M, Z, X, AA, V, W, K, O, S, C, B, E, R]
809,[S, A, X, P, M, F, E, O, N, C]
810,[T, Q, G, S]
811,[A, X, P, R, S, T, H, V, J, C, K]
812,[H, E, D, Q, V, X, M, W, J, L, C, N, P, B, U]
813,[X, B, N, J, Q]
814,[J, T, H, R, Y, Z, G, A, I, Q, D, X, O]
815,[V, P, C, H, X, Y, T, K, M, F, B, W, R, I, S, N, A, Q, O, E, AA, L, U, J, Z]
816,[D, N, U, F, A, W, Q, Z, P, H, X, I, E, S, J, Y, R, AA, M, T, K, G, V]
817,[R, U, V, A, M, E, AA, O, S, Y, L, T, C, Z, F, H, J, K]
818,[F, C, D, M, Q, AA, W, U, J, Z, O, S, E, R, V, T, K, B, P, N, G, Y, H, I, L, A, X]
819,[J, O, AA]
820,[F, L, J, R, I, K, H, E, T]
821,[P, H, B, X, A, G, Y, D, I, Q, C, J, W, K, S]
822,[C, P]
823,[S, G, J, M, Q, W, P, U, A, E, C, K, I, T, F, B, L, Z, R, V, N, X, H, Y]
824,[X, S, L]
825,[A, R, M, F, Z, L, K, Q, O, E, H, J, C, S, X, U, G, P, W, T, Y, B]
826,[P, E]
827,[T, I, V, L, D, J, R, C, F, G, P, AA, Q, O, A]
828,[T, J, O, M, N, I, P, A, V, F, H, U, AA, W]
829,[D, Q, U, Y, A, K, B, V, S, C, W, X, H, J]
830,[A, W, E, T, H, Z, J, G, I, S, N, U, P, O, B, Q, F, M]
831,[D, O, AA, C, L, P, M, I]
832,[R, G, N, L, C, AA, M, U, T]
833,[Y, P, E, AA, Z, T, X, H, B, W, J, D, O, C, Q, U, A, N, I, S, K, M, V, L, F, G, R]
834,[P, K, AA, N, F, X, J, O, L, C, Y, R, Z, E, B, S, U, I, H, D, V, A, T, M, Q]
835,[N, T, H, O, R, Q, J, A, P, AA, B, G, K]
836,[A, X, J, Z, B, K, O]
837,[Z, S, C, K, B, Q, N, I, P, L, M, V, W, F, AA, H, O, T, U, D, Y, X, J, G, R]
838,[I, O, C, M, X, AA, J, Y, B, U, V, W, P, L, Z, D, H, N, E, G, R, Q, S, A, F]
839,[Q, S, R, M, V, P, L, B, F, K, U, AA, T, W, Z, Y, O, A, N, D, X, H]
840,[N, E, B, Z, T, K, J, U]
841,[Z, N, A, E, O, V, I, C, P, W, K, L, U, G, Q, T, X, D, H, J]
842,[V, N, O, B]
843,[D, Q, R, U, L, P, A, N, M, V, AA, O, C, T, H, G, E, W, I, J, S, X, Z, Y, B, F]
844,[V, M]
845,[D, E, P, V]
846,[K, W, H, Q, T, L, I, U, M, J, E, B, D, X]
847,[S, B, G, F, U, D, R, C, M, N, V]
848,[W, X, E, S, G, C, Y]
849,[M, O, E, G, D, W, U, Q, N, R, I, Z]
850,[G, J, AA, O, I, U, B, V, Y, S, A, M, C, L, K, X, W, Q, F, T]
851,[AA, I, Q]
852,[B, I, D, T, J, L, F, A, U, P, Y, V, H, K, R, N, C, W, Z, O, X, E, S, Q, M, G, AA]
853,[V, R, G, L, J, Y, B, P, D, X, Z, K, F, I, AA, U, O, S, C, Q, H, A, N, E, W, M]
854,[D, P, F, V, AA]
855,[G, R, U, T, H, Y, W, O, Q, B, C, J, AA, S, D, X]
856,[A, R, H, U, M, X, W, V, D, Q, T, E, S, G, P, F, K, I, J, L, Z, C, AA, O, B]
857,[R, F, B, L, X, G, M, K, I]
858,[B, K, S, C, W, E, Z, D, U, AA, F, P, Q, H, L, N, I, G, A, T, J, R, Y, X, O, V, M]
859,[U, M, G, N, B, Y, X, F, P, T, I, V, C, H, K, R, A, O, D, W, L, AA]
860,[Q, X, S, U, J, E, V, Y, P, D, AA, I, H, L, G, C, N, K, B, T, W, R]
861,[G, Z, A, O]
862,[F, E, W, N, G, C, Y, X]
863,[S, D, Y, E, L, H, U, R, Q, M, B, O, J, C, P, K, Z, X, W, N, I]
864,[M]
865,[Q, U, N, C, O, Y, T, S, J, X, H, A, B, E, AA, P, W, M, G, K, D, L, R]
866,[N, AA, J, A, Y, Z, P, K, V, G, Q, U, D, M, H, R, L, X]
867,[Y, Q, G, P, N, R, E, F, I, S, H, J, B]
868,[O, Q, U, N, E, R, B, C, D, W, H, I, G, M, X, V, J, A, Y, K, T, AA, S, L, F, Z]
869,[K, A, E, U, P, Z, I, H, D]
870,[B, L, T, M, K, N, W, D, P, A, J, R, O, AA, Q, H, V, F]
871,[T, R, B, S, J, M, U, Q, Z, W]
872,[P, U, J, S, K, D, H, E, W, B, T, L, AA, Y, Z, X, G, O, V, I, F, A, M, N, R, Q]
873,[Y, M, W, B, J, N, R, I, A, F, AA, V, G]
874,[N, U, X, W, L, V]
875,[E, Z, L, C, G, D, N, I, P, H]
876,[K, Y, I, W, X, S, L, V, B, J]
877,[AA, D, G, O, I]
878,[X, O, C, Q, I, J, K]
879,[X, I, M, J, A, S, D, U, N, F, G, O, Y, P, C, Q, E, AA, Z, L, T, K, R, H, B, W]
880,[G, O, J, Z]
881,[W, I, Q, K, C, T, B, X, A, O, Y, G, J, N, L, H, V, S, D, P, R, M, F, U, Z, E, AA]
882,[I, B, N, F, O, L, U, Z, Q, S, AA, D, W, K, R, X]
883,[F, V, J, I, Y, M, A, H, B, X, K, S, C, L, R, AA]
884,[Q, O, G, R, I, AA, P]
885,[Q, R, D, S]
886,[I, J, F, K, M, O, AA, W, T, B, Q, C, P, A, E, Y]
887,[D, N, I, X, E, O, S, W, Z]
888,[J, U]
889,[U, Y, I, S, C, N, H, T, V, A, E, F]
890,[A, E, I, P, S, R, K, W, Q, D, H, O, Z, X, U]
891,[X, S, U, W, Q, V, T, O]
892,[E, F, L, T]
893,[H, A, N, V, R, B, D, E, I, O, M, W, T, Z, C, L, Y, S, AA, F]
894,[AA, A, J, G, H, U, S, N, I, V, O, Q, L, T, B, F, Z, Y, X, C, W, R, K]
895,[W, AA, M, Z, P, H, G, E, N, I, V, L, U, Y, J, R, S, F, T, A, X, K, B, D, C, Q]
896,[N, H, O, A, Q, B, S, T, X, K, F, J]
897,[B, U]
898,[O, F, C, D, U, A, P, V]
899,[Y, C, L, R, E, H, K, T, B, M]
900,[W, O, Z, Y]
901,[S, G, L, R, O, AA, Y, N]
902,[P, R, W, K, Q, D, I, E, M, O, A, H, AA, L, B, S, X, F, G]
903,[R, M, G, AA, K, V, F, B, O, N, E, L, W, J, T, I]
904,[T, L, AA, S, K, B, P, X, G, H, V, E, Z, D, M, Y, C, N, J, Q, W, O]
905,[G, X, I, C, K]
906,[F, N, G, I, Y, S, V, Z, P, E, M, B, A, X, K, AA, R, J, U, C, H, W, D]
907,[S, E, P, X, B, AA, G, M, J]
908,[C, AA, J, Q, K, D, G, X, H, Y, E]
909,[I, V, K, Y, N, M]
910,[D]
911,[J, O, X, Y, T, P]
912,[Z, U, P, A, E, O, F, B, D, L, X, V]
913,[Y, C, AA, T, H, M, V, A, U, O, L, G, I, S, Z, P, N, D, R, Q, E, X, F, B, J, K, W]
914,[R, U, K, D, C, X, L, M, H]
915,[P, T]
916,[H, T, Q, J, L, P, O, G, V, I, U, K, Y, N, X, M, AA, D, Z, A, S, B, E, F, C, W, R]
917,[Y, Z]
918,[C, Z, W, U, N, B, F, V, T, Y, X, E, P, AA, M, J, K, L, R, O, D, H, G]
919,[W, Q, F, I, T, H, O, AA, J, C, K, E, D, N]
920,[G, W, H, S, T, X, F, B]
921,[E, N, M, O, R, F, T]
922,[C, O, I]
923,[AA, O, J, S, X, V, H, B, D, W, Y, A, Z, P, R, E, L, C, M, N, K, T, Q, U, G]
924,[T, U]
925,[AA, H, M, S, W, R, I, Y, B, Z, E, T, Q, D, G, N, P, A, K, X, J, U, L, F, V, O]
926,[N, C, E, B, L, S, Q, P, G, F, U, K, R, X, O, H, A, I, Y, D, AA, T, J, W, Z]
927,[N, B, L, Y, V, P, T, X, M, F, H, S, C, U, Q, W, K, O, Z, J, A, AA]
928,[I, C, B, F]
929,[D]
930,[Y, W, F, V, E, L, U, X, K, N, D, H, AA, I, T, P, M, B, C, Q, A, G, J, Z, S, O]
931,[L, F, A, G, B, D, O]
932,[AA, P, H, F]
933,[X, C, H, U, I, N, B, Q, L, D, J, P, S, T, K, A, Y, AA, O, R, G, Z, M, V]
934,[H, Y, N, AA, S, O, E, Q, C, G, W, T, I, Z, A, R, F, K, U, B, P]
935,[L, G, E, A, Z, J, H, M, K, P, D, F, T, AA, U, V, I, C, S, X, Q, B, Y, N]
936,[Q, S, C, AA, D, I, J, B, P, Z, G, Y, X, L, T, O, H, U, V, M, F]
937,[A, K, AA, Q, I, Y, L, O, R, N]
938,[A, AA, E, Y, H, Z, T, G, J, X, F, W, P, V, S, M, O, C, K, Q, I, R, B, D, N, L, U]
939,[N, Z, E, L, F, AA, U, Y, S, H]
940,[Q, Z, V, C, S, X, F, N, E, H, R]
941,[C, R, T, AA, Q, F, I, B, Y, G, Z, D, V, O, E]
942,[G, AA, I, H, L, A, X, W, S, M, E]
943,[V, B]
944,[K, U, A, V, N, AA, W, O, Q, C, S, B, H, Y, G, X, D]
945,[B, W, J, R, X, P, U]
946,[F, Z, B, S, Y]
947,[U, O]
948,[N, W, AA, K, A, X, H, B, G, F, D, O, V, T, L, M, C, Z, R, J, E, Q, P, I, U, Y]
949,[X, C, I, O, Z, G, V, K, E, P, L]
950,[E, AA, M, O, A, I, X, Q, Y, G, T, K, C, N, F, S, B, V, J]
951,[N, U, O, G, Y, W, T, AA, D, K, S, P, C, I, B, A, Z, J, V, H, X, R, F, E, Q, L, M]
952,[X, B, C, H, N, R]
953,[Q, AA, U, S, B, G, T, C, K, I, J, W, P, N, Z, O]
954,[I, U, J, R, Z, O, M, N, AA, T, G, P, V, D, S]
955,[H, E, J, O, G, A, Y, X, B, T, AA, K, N, L, R, I, U, S, F, Q, P, M, D, V, W, Z, C]
956,[K, H, S, D, B, C, X, T, Z, N, R, M, V, E, F, AA, A, W, O]
957,[T, F, U, L, S, H, G, D, Z, Y, O, J, W, V, K]
958,[S, H, O, R, A, W, F, K, G, Q, D, N, AA, P, L, B, C, T, M, I, Z, V, Y, X, U, J]
959,[Q, C, M, G, A, B, I, AA]
960,[S, D, R, F, K, AA, J, Y, C]
961,[C, I, X, F, Y, O, A, V, Q, T, B, J, W, Z, S, E, U, M, L, G, AA, K, H, P, N, R]
962,[E, G, P, F, X, A, W, B, C, L, K, H, D, U, Z, Q, S, O, T, I]
963,[L, M, R, F, G, Q]
964,[L, B, C, W, J, P, F, Y, AA, X, H, A, O, V, E, S, I, R, M, U, N, Z, K, Q, D, G, T]
965,[N, E, V, H, F, B, U, T, AA, Z, K, R, A, M, G, J]
966,[C, O, W, S, T, E, M, L, AA, R, U, H, J, G, I, F, B, Z, X, Q]
967,[N, D, A, Z, P, I, K, G]
968,[V, Y, P, U, I, K, E, A, H, B, S, C, Q, J, X, D, AA]
969,[R, U]
970,[F, D, H, O, Y, B, U, S, M, R, E, N, A, V, J, G, L, P, Z, W, T, K, Q, X, AA, I, C]
971,[Y, A, E, I, R, Z, S]
972,[H, T, Q, I, X]
973,[U, B, L, H, S, P]
974,[X, Y, W, U, AA, Q, C, S, O, H, P, R, F, G, B, N, T, E, L, A, D, J, Z, K, I]
975,[F]
976,[A, Y, O, P, I]
977,[F, G, H, S, J, B, D, X, T, N, P, W]
978,[AA, W, I, S, C, X, M, V, Y, N, T]
979,[N, T, B]
980,[S, J, T, C, E, U, G, L, A]
981,[H, L, N, S, M, I, K, T, Q, B, U, R, AA, F, P, X, Z, E, Y, O, V, J]
982,[W, L, G, V, I, S, M, B, Z, N, E, P, O]
983,[D, S, A, B, L, H, E, X, AA, T, O, C, K]
984,[W, I, G, O, F, D, Z, B, H, Y, N, AA, M, A, J, L, R, K, P]
985,[R, T, W, Z, S, U, Y, F, A, J, H, C, AA, Q, X, D, N, L, B]
986,[A, T, N, Q, B, U, O, P, J, Y, D, S]
987,[T, AA, L, R, G, B, O, K, Q, H, W, F, I, E, D, A, C, P, N]
988,[J, D, I, Z, W, K, G, Y, Q, F, AA, A, V, C, T, E, X, H, O, R, S, N, P, B, M, L, U]
989,[K, X, B, J, Y, L, W, Q, U, AA, H, I, C, V, R, S, E, A]
990,[N, S, X, T, F]
991,[C, U, M, A, J, O, E, R, X, P, B, F, I, D, Q, H, Y, L]
992,[G, N, O, F, S, R, H, L, Z]
993,[P, M, H, T, B, R, D, G, O, W, L, Y, Q, X, N, K, V, Z, C, AA]
994,[K, X, E, B, O, AA, P, M, A, U, Q, R, I]
995,[U, S, C, B, AA, Q, V, N, M, O, E, L, Z, A, K, I, F, D, T, H]
996,[L, C, G, S, J, D, V, AA, T, E, F, R, N, W, O, Y, A, H, B, K, P]
997,[R, O, B, AA, I, J, E, K, C, D, X, V, S, M, H, P, W, N, F]
998,[L, Z]
999,[R, N, Z, F]
1000,[Q, E]
